{
  "version": "1.0",
  "defaultProvider": "cdnjs",
  "libraries": [
    {
      "library": "jquery@3.3.1",
      "destination": "wwwroot/lib/jquery/",
      "files": [
        "jquery.js",
        "core.js"
      ]
    },
    {
      "library": "jquery-validate@1.19.0",
      "destination": "wwwroot/lib/jquery-validate/",
      "files": [
        "jquery.validate.js",
        "localization/methods_pt.js",
        "additional-methods.js"
      ]
    },
    {
      "library": "jquery-validation-unobtrusive@3.2.11",
      "destination": "wwwroot/lib/jquery-validation-unobtrusive/",
      "files": [
        "jquery.validate.unobtrusive.js"
      ]
    },
    {
      "library": "twitter-bootstrap@4.2.1",
      "destination": "wwwroot/lib/bootstrap/",
      "files": [
        "js/bootstrap.js",
        "css/bootstrap.css",
        "css/bootstrap-reboot.css",
        "css/bootstrap-grid.css"
      ]
    },
    {
      "provider": "cdnjs",
      "library": "font-awesome@4.7.0",
      "destination": "wwwroot/lib/font-awesome/",
      "files": [
        "css/font-awesome.css",
        "fonts/fontawesome-webfont.eot",
        "fonts/fontawesome-webfont.svg",
        "fonts/fontawesome-webfont.ttf",
        "fonts/fontawesome-webfont.woff",
        "fonts/fontawesome-webfont.woff2",
        "fonts/FontAwesome.otf"
      ]
    }
  ]
}